film_id,title,film_revenue,total_rentals,pareto_category
879,TELEGRAPH VOYAGE,231.73,27,Top 80% Revenue
973,WIFE TURN,223.69,31,Top 80% Revenue
1000,ZORRO ARK,214.69,31,Top 80% Revenue
369,GOODFELLAS SALUTE,209.69,31,Top 80% Revenue
764,SATURDAY LAMBS,204.72,28,Top 80% Revenue
893,TITANS JERK,201.71,29,Top 80% Revenue
897,TORQUE BOUND,198.72,27,Top 80% Revenue
403,HARRY IDAHO,195.70,30,Top 80% Revenue
460,INNOCENT USUAL,191.74,26,Top 80% Revenue
444,HUSTLER PARTY,190.78,22,Top 80% Revenue
670,PELICAN COMFORTS,188.74,26,Top 80% Revenue
127,CAT CONEHEADS,181.70,30,Top 80% Revenue
284,ENEMY ODDS,180.71,29,Top 80% Revenue
103,BUCKET BROTHERHOOD,180.66,34,Top 80% Revenue
715,RANGE MOONWALKER,179.73,27,Top 80% Revenue
563,MASSACRE USUAL,179.70,30,Top 80% Revenue
941,VIDEOTAPE ARSENIC,178.71,29,Top 80% Revenue
239,DOGMA FAMILY,178.70,30,Top 80% Revenue
31,APACHE DIVINE,178.69,31,Top 80% Revenue
938,VELVET TERMINATOR,177.74,26,Top 80% Revenue
244,DORADO NOTTING,176.73,27,Top 80% Revenue
327,FOOL MOCKINGBIRD,175.77,23,Top 80% Revenue
979,WITCHES PANIC,173.70,30,Top 80% Revenue
159,CLOSER BANG,172.72,28,Top 80% Revenue
767,SCALAWAG DUCK,172.68,32,Top 80% Revenue
745,ROSES TREASURE,171.72,28,Top 80% Revenue
865,SUNRISE LEAGUE,170.76,24,Top 80% Revenue
791,SHOW LORD,170.75,25,Top 80% Revenue
624,NIGHTMARE CHILL,169.75,25,Top 80% Revenue
771,SCORPION APOLLO,168.77,23,Top 80% Revenue
21,AMERICAN CIRCUS,167.78,22,Top 80% Revenue
174,CONFIDENTIAL INTERVIEW,164.71,29,Top 80% Revenue
551,MAIDEN HOME,163.76,24,Top 80% Revenue
989,WORKING MICROCOSMOS,163.75,25,Top 80% Revenue
775,SEATTLE EXPECATIONS,163.75,24,Top 80% Revenue
86,BOOGIE AMELIE,163.70,29,Top 80% Revenue
846,STING PERSONAL,159.79,21,Top 80% Revenue
527,LOLA AGENT,159.76,24,Top 80% Revenue
48,BACKLASH UNDEFEATED,158.81,19,Top 80% Revenue
575,MIDSUMMER GROUNDHOG,156.78,22,Top 80% Revenue
892,TITANIC BOONDOCK,154.77,23,Top 80% Revenue
838,STAGECOACH ARMAGEDDON,154.74,26,Top 80% Revenue
580,MINE TITANS,153.81,19,Top 80% Revenue
683,PITY BOUND,153.74,26,Top 80% Revenue
778,SECRETS PARADISE,152.80,20,Top 80% Revenue
408,HEAD STRANGER,152.78,22,Top 80% Revenue
267,EAGLES PANKY,152.78,22,Top 80% Revenue
972,WHISPERER GIANT,151.78,22,Top 80% Revenue
271,EASY GLADIATOR,150.77,23,Top 80% Revenue
579,MINDS TRUMAN,149.80,20,Top 80% Revenue
307,FELLOWSHIP AUTUMN,149.74,26,Top 80% Revenue
985,WONDERLAND CHRISTMAS,148.78,22,Top 80% Revenue
856,STREETCAR INTENTIONS,148.75,25,Top 80% Revenue
501,KISSING DOLLS,147.80,20,Top 80% Revenue
861,SUIT WALLS,147.79,21,Top 80% Revenue
902,TRADING PINOCCHIO,147.75,25,Top 80% Revenue
521,LIES TREATMENT,147.73,27,Top 80% Revenue
45,ATTRACTION NEWTON,146.76,24,Top 80% Revenue
330,FORRESTER COMANCHEROS,146.73,27,Top 80% Revenue
603,MOVIE SHAKESPEARE,145.74,27,Top 80% Revenue
911,TRIP NEWTON,145.72,28,Top 80% Revenue
350,GARDEN ISLAND,144.80,20,Top 80% Revenue
263,DURHAM PANKY,144.74,26,Top 80% Revenue
698,PRINCESS GIANT,142.74,27,Top 80% Revenue
596,MOONSHINE CABIN,141.79,21,Top 80% Revenue
112,CALENDAR GUNFIGHT,141.79,21,Top 80% Revenue
898,TOURIST PELICAN,141.78,22,Top 80% Revenue
843,STEEL SANTA,141.77,23,Top 80% Revenue
253,DRIFTER COMMANDMENTS,141.76,24,Top 80% Revenue
135,CHANCE RESURRECTION,141.73,27,Top 80% Revenue
320,FLAMINGOS CONNECTICUT,139.77,23,Top 80% Revenue
313,FIDELITY DEVIL,138.79,21,Top 80% Revenue
131,CENTER DINOSAUR,137.76,24,Top 80% Revenue
167,COMA HEAD,137.74,26,Top 80% Revenue
706,QUEEN LUKE,136.78,22,Top 80% Revenue
614,NAME DETECTIVE,136.77,23,Top 80% Revenue
172,CONEHEADS SMOOCHY,136.75,25,Top 80% Revenue
361,GLEAMING JAWBREAKER,136.70,29,Top 80% Revenue
702,PULP BEVERLY,136.70,30,Top 80% Revenue
995,YENTL IDAHO,135.77,23,Top 80% Revenue
324,FLINTSTONES HAPPINESS,134.83,17,Top 80% Revenue
971,WHALE BIKINI,134.82,18,Top 80% Revenue
439,HUNCHBACK IMPOSSIBLE,134.80,20,Top 80% Revenue
227,DETAILS PACKER,133.81,19,Top 80% Revenue
680,PINOCCHIO SIMON,133.80,20,Top 80% Revenue
869,SUSPECTS QUILLS,133.70,30,Top 80% Revenue
621,NETWORK PEAK,133.69,31,Top 80% Revenue
409,HEARTBREAKERS BRIGHT,132.80,20,Top 80% Revenue
61,BEAUTY GREASE,132.78,22,Top 80% Revenue
500,KISS GLORY,132.78,22,Top 80% Revenue
518,LIAISONS SWEET,131.78,22,Top 80% Revenue
10,ALADDIN CALENDAR,131.77,23,Top 80% Revenue
804,SLEEPING SUSPECTS,131.76,24,Top 80% Revenue
572,METROPOLIS COMA,131.74,26,Top 80% Revenue
73,BINGO TALENTED,131.71,29,Top 80% Revenue
734,ROAD ROXANNE,130.81,19,Top 80% Revenue
578,MILLION ACE,130.80,20,Top 80% Revenue
730,RIDGEMONT SUBMARINE,130.68,32,Top 80% Revenue
763,SATISFACTION CONFIDENTIAL,129.83,17,Top 80% Revenue
412,HEAVYWEIGHTS BEAST,129.77,23,Top 80% Revenue
215,DAWN POND,128.82,18,Top 80% Revenue
465,INTERVIEW LIAISONS,128.80,20,Top 80% Revenue
129,CAUSE DATE,128.79,21,Top 80% Revenue
117,CANDLES GRAPES,128.77,23,Top 80% Revenue
331,FORWARD TEMPLE,128.68,32,Top 80% Revenue
878,TEEN APOLLO,127.83,17,Top 80% Revenue
818,SOMETHING DUCK,127.81,19,Top 80% Revenue
814,SNATCH SLIPPER,127.78,22,Top 80% Revenue
300,FALCON VOLUME,127.77,22,Top 80% Revenue
908,TRAP GUYS,126.84,16,Top 80% Revenue
583,MISSION ZOOLANDER,126.82,18,Top 80% Revenue
755,SABRINA MIDNIGHT,126.79,21,Top 80% Revenue
6,AGENT TRUMAN,126.79,21,Top 80% Revenue
334,FREDDY STORM,126.77,23,Top 80% Revenue
854,STRANGERS GRAFFITI,123.83,17,Top 80% Revenue
243,DOORS PRESIDENT,123.81,19,Top 80% Revenue
556,MALTESE HOPE,123.78,22,Top 80% Revenue
109,BUTTERFLY CHOCOLAT,123.70,30,Top 80% Revenue
891,TIMBERLAND SKY,123.69,31,Top 80% Revenue
964,WATERFRONT DELIVERANCE,121.83,17,Top 80% Revenue
805,SLEEPLESS MONSOON,121.80,20,Top 80% Revenue
915,TRUMAN CRAZY,121.77,23,Top 80% Revenue
768,SCARFACE BANG,120.82,18,Top 80% Revenue
415,HIGH ENCINO,120.78,22,Top 80% Revenue
710,RAGE GAMES,119.81,19,Top 80% Revenue
354,GHOST GROUNDHOG,119.79,21,Top 80% Revenue
25,ANGELS LIFE,119.78,22,Top 80% Revenue
961,WASH HEAVENLY,119.77,23,Top 80% Revenue
506,LADY STAGE,118.83,17,Top 80% Revenue
222,DESERT POSEIDON,118.81,19,Top 80% Revenue
676,PHILADELPHIA WIFE,118.78,23,Top 80% Revenue
946,VIRTUAL SPOILERS,117.86,14,Top 80% Revenue
887,THIEF PELICAN,117.81,19,Top 80% Revenue
100,BROOKLYN DESERT,116.79,21,Top 80% Revenue
776,SECRET GROUNDHOG,116.79,21,Top 80% Revenue
502,KNOCK WARLOCK,116.76,24,Top 80% Revenue
397,HANKY OCTOBER,116.74,26,Top 80% Revenue
738,ROCKETEER MOTHER,116.67,33,Top 80% Revenue
346,GALAXY SWEETHEARTS,115.82,18,Top 80% Revenue
827,SPICE SORORITY,115.80,20,Top 80% Revenue
694,PREJUDICE OLEANDER,115.80,20,Top 80% Revenue
255,DRIVING POLISH,115.79,21,Top 80% Revenue
69,BEVERLY OUTLAW,115.79,21,Top 80% Revenue
183,CONVERSATION DOWNHILL,114.83,17,Top 80% Revenue
922,UNDEFEATED DALMATIONS,114.79,21,Top 80% Revenue
35,ARACHNOPHOBIA ROLLERCOASTER,114.76,24,Top 80% Revenue
450,IDOLS SNATCHERS,114.70,30,Top 80% Revenue
396,HANGING DEEP,113.81,19,Top 80% Revenue
720,REDEMPTION COMFORTS,113.80,20,Top 80% Revenue
637,OPEN AFRICAN,113.79,21,Top 80% Revenue
857,STRICTLY SCARFACE,113.77,23,Top 80% Revenue
777,SECRETARY ROUGE,112.82,18,Top 80% Revenue
433,HORN WORKING,112.76,24,Top 80% Revenue
162,CLUELESS BUCKET,112.75,25,Top 80% Revenue
349,GANGS PRIDE,112.73,27,Top 80% Revenue
77,BIRDS PERDITION,111.82,18,Top 80% Revenue
871,SWEDEN SHINING,111.81,18,Top 80% Revenue
590,MONEY HAROLD,111.80,20,Top 80% Revenue
304,FARGO GANDHI,111.76,24,Top 80% Revenue
654,PANKY SUBMARINE,110.85,15,Top 80% Revenue
260,DUDE BLINDNESS,110.84,16,Top 80% Revenue
294,EXPECATIONS NATURAL,110.82,18,Top 80% Revenue
139,CHASING FIGHT,110.81,20,Top 80% Revenue
725,REQUIEM TYCOON,110.81,19,Top 80% Revenue
723,REIGN GENTLEMEN,110.80,20,Top 80% Revenue
895,TOMORROW HUSTLER,110.75,25,Top 80% Revenue
382,GRIT CLOCKWORK,110.68,32,Top 80% Revenue
216,DAY UNFAITHFUL,109.86,14,Top 80% Revenue
95,BREAKFAST GOLDFINGER,109.83,17,Top 80% Revenue
785,SHAWSHANK BUBBLE,109.81,19,Top 80% Revenue
486,JET NEIGHBORS,109.80,20,Top 80% Revenue
378,GREATEST NORTH,109.71,29,Top 80% Revenue
760,SAMURAI LION,108.75,25,Top 80% Revenue
319,FISH OPUS,108.75,25,Top 80% Revenue
739,ROCKY WAR,107.84,16,Top 80% Revenue
170,COMMAND DARLING,107.84,16,Top 80% Revenue
484,JERK PAYCHECK,107.80,20,Top 80% Revenue
59,BEAR GRACELAND,107.78,22,Top 80% Revenue
823,SOUTH WAIT,107.78,22,Top 80% Revenue
305,FATAL HAUNTED,107.72,28,Top 80% Revenue
759,SALUTE APOLLO,106.77,23,Top 80% Revenue
199,CUPBOARD SINNERS,106.77,23,Top 80% Revenue
356,GIANT TROOPERS,106.72,28,Top 80% Revenue
512,LEAGUE HELLFIGHTERS,105.83,17,Top 80% Revenue
859,SUGAR WONKA,105.83,17,Top 80% Revenue
370,GORGEOUS BINGO,105.81,19,Top 80% Revenue
668,PEAK FOREVER,105.80,20,Top 80% Revenue
274,EGG IGBY,105.79,21,Top 80% Revenue
735,ROBBERS JOON,105.69,31,Top 80% Revenue
969,WEST LION,104.84,16,Top 80% Revenue
845,STEPMOM DREAM,104.80,20,Top 80% Revenue
37,ARIZONA BANG,104.79,21,Top 80% Revenue
445,HYDE DOCTOR,104.73,26,Top 80% Revenue
919,TYCOON GATHERING,103.88,12,Top 80% Revenue
184,CORE SUIT,103.82,18,Top 80% Revenue
251,DRAGONFLY STRANGERS,103.82,18,Top 80% Revenue
571,METAL ARMAGEDDON,103.75,25,Top 80% Revenue
468,INVASION CYCLONE,103.73,27,Top 80% Revenue
285,ENGLISH BULWORTH,103.70,30,Top 80% Revenue
71,BILKO ANONYMOUS,102.87,13,Top 80% Revenue
175,CONFUSED CANDLES,102.83,17,Top 80% Revenue
336,FRENCH HOLIDAY,102.83,17,Top 80% Revenue
385,GROUNDHOG UNCUT,102.82,18,Top 80% Revenue
8,AIRPORT POLLOCK,102.82,18,Top 80% Revenue
665,PATTON INTERVIEW,102.77,23,Top 80% Revenue
666,PAYCHECK WAIT,101.84,16,Top 80% Revenue
749,RULES HUMAN,101.84,16,Top 80% Revenue
44,ATTACKS HATE,101.84,16,Top 80% Revenue
101,BROTHERHOOD BLANKET,101.74,26,Top 80% Revenue
114,CAMELOT VACATION,101.73,27,Top 80% Revenue
65,BEHAVIOR RUNAWAY,100.87,13,Top 80% Revenue
708,QUILLS BULL,100.84,16,Top 80% Revenue
691,POSEIDON FOREVER,100.83,17,Top 80% Revenue
476,JASON TRAP,100.76,24,Top 80% Revenue
447,ICE CROSSING,100.76,24,Top 80% Revenue
179,CONQUERER NUTS,99.84,16,Top 80% Revenue
570,MERMAID INSECTS,99.84,16,Top 80% Revenue
451,IGBY MAKER,99.81,19,Top 80% Revenue
789,SHOCK CABIN,99.70,30,Top 80% Revenue
678,PICKUP DRIVING,98.84,16,Top 80% Revenue
392,HALL CASSIDY,98.84,16,Top 80% Revenue
398,HANOVER GALAXY,98.83,17,Top 80% Revenue
70,BIKINI BORROWERS,98.83,17,Top 80% Revenue
483,JERICHO MULAN,98.83,17,Top 80% Revenue
51,BALLOON HOMEWARD,98.77,23,Top 80% Revenue
873,SWEETHEARTS SUSPECTS,98.71,29,Top 80% Revenue
559,MARRIED GO,98.70,30,Top 80% Revenue
980,WIZARD COLDBLOODED,97.84,16,Top 80% Revenue
414,HELLFIGHTERS SIERRA,97.80,20,Top 80% Revenue
772,SEA VIRGIN,97.78,22,Top 80% Revenue
295,EXPENDABLE STALLION,97.72,28,Top 80% Revenue
226,DESTINY SATURDAY,96.84,16,Top 80% Revenue
116,CANDIDATE PERDITION,96.81,18,Top 80% Revenue
930,VACATION BOONDOCK,96.79,21,Top 80% Revenue
55,BARBARELLA STREETCAR,96.75,25,Top 80% Revenue
220,DEER VIRGINIAN,96.72,29,Top 80% Revenue
489,JUGGLER HARDLY,96.68,32,Top 80% Revenue
203,DAISY MENAGERIE,95.84,16,Top 80% Revenue
456,INCH JET,95.82,18,Top 80% Revenue
649,OZ LIAISONS,95.76,24,Top 80% Revenue
773,SEABISCUIT PUNK,95.74,26,Top 80% Revenue
609,MUSCLE BRIGHT,95.70,30,Top 80% Revenue
365,GOLD RIVER,94.86,14,Top 80% Revenue
835,SPY MILE,94.73,27,Top 80% Revenue
588,MODEL FISH,93.85,15,Top 80% Revenue
265,DYING MAKER,93.83,17,Top 80% Revenue
944,VIRGIN DAISY,93.83,17,Top 80% Revenue
212,DARN FORRESTER,93.82,18,Top 80% Revenue
166,COLOR PHILADELPHIA,93.76,24,Top 80% Revenue
958,WARDROBE PHANTOM,93.73,27,Top 80% Revenue
321,FLASH WARS,92.87,13,Top 80% Revenue
98,BRIGHT ENCOUNTERS,92.87,13,Top 80% Revenue
272,EDGE KISSING,92.85,15,Top 80% Revenue
704,PURE RUNNER,92.84,16,Top 80% Revenue
611,MUSKETEERS WAIT,92.83,17,Top 80% Revenue
806,SLEEPY JAPANESE,92.80,21,Top 80% Revenue
798,SILVERADO GOLDFINGER,91.88,12,Top 80% Revenue
68,BETRAYED REAR,91.85,15,Top 80% Revenue
757,SAGEBRUSH CLUELESS,91.84,16,Top 80% Revenue
803,SLACKER LIAISONS,91.83,17,Top 80% Revenue
4,AFFAIR PREJUDICE,91.77,23,Top 80% Revenue
391,HALF OUTFIELD,91.75,26,Top 80% Revenue
880,TELEMARK HEARTBREAKERS,91.75,25,Top 80% Revenue
78,BLACKOUT PRIVATE,91.73,27,Top 80% Revenue
177,CONNECTICUT TRAMP,90.87,13,Top 80% Revenue
115,CAMPUS REMEMBER,90.81,19,Top 80% Revenue
57,BASIC EASY,90.79,21,Top 80% Revenue
322,FLATLINERS KILLER,90.78,22,Top 80% Revenue
15,ALIEN CENTER,90.78,22,Top 80% Revenue
277,ELEPHANT TROJAN,89.86,14,Top 80% Revenue
141,CHICAGO NORTH,89.84,16,Top 80% Revenue
165,COLDBLOODED DARLING,89.84,16,Top 80% Revenue
234,DISTURBING SCARFACE,89.74,26,Top 80% Revenue
682,PITTSBURGH HUNCHBACK,88.88,12,Top 80% Revenue
568,MEMENTO ZOOLANDER,88.87,13,Top 80% Revenue
597,MOONWALKER FOOL,88.87,13,Top 80% Revenue
858,SUBMARINE BED,88.85,15,Top 80% Revenue
532,LOSER HUSTLER,88.85,15,Top 80% Revenue
655,PANTHER REDS,88.85,15,Top 80% Revenue
686,PLUTO OLEANDER,88.84,16,Top 80% Revenue
753,RUSH GOODFELLAS,88.69,31,Top 80% Revenue
151,CINCINATTI WHISPERER,87.87,13,Top 80% Revenue
446,HYSTERICAL GRAIL,87.85,15,Top 80% Revenue
329,FORREST SONS,87.82,18,Top 80% Revenue
936,VANISHING ROCKY,87.82,18,Top 80% Revenue
628,NORTHWEST POLISH,87.80,20,Top 80% Revenue
43,ATLANTIS CAUSE,87.76,24,Top 80% Revenue
434,HORROR REIGN,87.73,27,Top 80% Revenue
638,OPERATION OPERATION,87.73,27,Top 80% Revenue
867,SUPER WYOMING,86.87,13,Top 80% Revenue
510,LAWLESS VISION,86.84,17,Top 80% Revenue
956,WANDA CHAMBER,86.84,16,Top 80% Revenue
480,JEEPERS WEDDING,86.84,16,Top 80% Revenue
481,JEKYLL FROGMEN,86.83,17,Top 80% Revenue
841,STAR OPERATION,86.79,21,Top 80% Revenue
852,STRANGELOVE DESIRE,86.76,24,Top 80% Revenue
134,CHAMPION FLATLINERS,85.87,13,Top 80% Revenue
844,STEERS ARMAGEDDON,85.85,15,Top 80% Revenue
28,ANTHEM LUKE,85.85,15,Top 80% Revenue
443,HURRICANE AFFAIR,85.76,24,Top 80% Revenue
154,CLASH FREDDY,85.75,25,Top 80% Revenue
901,TRACY CIDER,85.74,26,Top 80% Revenue
181,CONTACT ANONYMOUS,85.74,26,Top 80% Revenue
471,ISLAND EXORCIST,85.74,26,Top 80% Revenue
46,AUTUMN CROW,84.89,11,Top 80% Revenue
711,RAGING AIRPLANE,84.87,13,Top 80% Revenue
667,PEACH INNOCENT,84.85,14,Top 80% Revenue
169,COMFORTS RUSH,84.83,17,Top 80% Revenue
83,BLUES INSTINCT,84.79,21,Top 80% Revenue
608,MURDER ANTITRUST,84.77,23,Top 80% Revenue
247,DOWNHILL ENOUGH,84.75,25,Top 80% Revenue
554,MALKOVICH PET,84.74,26,Top 80% Revenue
625,NONE SPIKING,84.73,27,Top 80% Revenue
113,CALIFORNIA BIRDS,83.88,12,Top 80% Revenue
229,DEVIL DESIRE,83.85,15,Top 80% Revenue
121,CAROL TEXAS,83.82,18,Top 80% Revenue
298,EYES DRIVING,83.81,19,Top 80% Revenue
326,FLYING HOOK,83.80,20,Top 80% Revenue
953,WAIT CIDER,83.79,21,Top 80% Revenue
644,OSCAR GOLD,83.75,25,Top 80% Revenue
210,DARKO DORADO,82.89,11,Top 80% Revenue
190,CREEPERS KANE,82.86,14,Top 80% Revenue
421,HOLIDAY GAMES,82.85,15,Top 80% Revenue
7,AIRPLANE SIERRA,82.85,15,Top 80% Revenue
123,CASABLANCA SUPER,82.84,16,Top 80% Revenue
987,WORDS HUNTER,82.84,16,Top 80% Revenue
616,NATIONAL STORY,82.81,19,Top 80% Revenue
920,UNBREAKABLE KARATE,82.79,21,Top 80% Revenue
782,SHAKESPEARE SADDLE,82.78,22,Top 80% Revenue
662,PATHS CONTROL,81.90,10,Top 80% Revenue
872,SWEET BROTHERHOOD,81.85,15,Top 80% Revenue
912,TROJAN TOMORROW,81.80,19,Top 80% Revenue
252,DREAM PICKUP,81.78,22,Top 80% Revenue
353,GENTLEMEN STAGE,81.77,23,Top 80% Revenue
366,GOLDFINGER SENSIBILITY,81.76,24,Top 80% Revenue
531,LOSE INCH,81.73,27,Top 80% Revenue
374,GRAFFITI LOVE,81.70,30,Top 80% Revenue
418,HOBBIT ALIEN,81.69,31,Top 80% Revenue
889,TIES HUNGER,80.89,11,Top 80% Revenue
219,DEEP CRUSADE,80.86,14,Top 80% Revenue
438,HUMAN GRAFFITI,80.85,15,Top 80% Revenue
137,CHARADE DUFFEL,80.85,15,Top 80% Revenue
643,ORIENT CLOSER,80.83,17,Top 80% Revenue
448,IDAHO LOVE,80.83,17,Top 80% Revenue
966,WEDDING APOLLO,80.77,23,Top 80% Revenue
288,ESCAPE METROPOLIS,80.75,25,Top 80% Revenue
933,VAMPIRE WHALE,79.88,12,Top 80% Revenue
426,HOME PITY,79.86,14,Top 80% Revenue
820,SONS INTERVIEW,79.84,15,Top 80% Revenue
50,BAKED CLEOPATRA,79.84,16,Top 80% Revenue
308,FERRIS MOTHER,79.83,17,Top 80% Revenue
657,PARADISE SABRINA,79.82,18,Top 80% Revenue
914,TROUBLE DATE,79.78,23,Top 80% Revenue
645,OTHERS SOUP,79.77,23,Top 80% Revenue
491,JUMPING WRATH,79.76,24,Top 80% Revenue
968,WEREWOLF LOLA,78.86,14,Top 80% Revenue
464,INTENTIONS EMPIRE,78.83,17,Top 80% Revenue
67,BERETS AGENT,78.78,21,Top 80% Revenue
529,LONELY ELEPHANT,77.85,15,Top 80% Revenue
84,BOILED DARES,77.85,15,Top 80% Revenue
473,JACKET FRISCO,77.82,18,Top 80% Revenue
707,QUEST MUSSOLINI,77.80,20,Top 80% Revenue
402,HARPER DYING,77.80,20,Top 80% Revenue
193,CROSSROADS CASUALTIES,77.79,21,Top 80% Revenue
555,MALLRATS UNITED,77.75,25,Top 80% Revenue
60,BEAST HUNCHBACK,76.89,11,Top 80% Revenue
917,TUXEDO MILE,76.87,13,Top 80% Revenue
381,GRINCH MASSAGE,76.86,14,Top 80% Revenue
453,IMAGE PRINCESS,76.86,14,Top 80% Revenue
81,BLINDNESS GUN,76.86,14,Top 80% Revenue
544,MADISON TRAP,76.85,15,Top 80% Revenue
49,BADMAN DAWN,76.79,21,Top 80% Revenue
341,FROST HEAD,76.70,30,Top 80% Revenue
853,STRANGER STRANGERS,75.89,11,Top 80% Revenue
519,LIBERTY MAGNIFICENT,75.88,12,Top 80% Revenue
202,DADDY PITTSBURGH,75.87,13,Top 80% Revenue
774,SEARCHERS WAIT,75.86,14,Top 80% Revenue
173,CONFESSIONS MAGUIRE,75.86,14,Top 80% Revenue
420,HOLES BRANNIGAN,75.86,15,Top 80% Revenue
432,HOPE TOOTSIE,75.82,18,Top 80% Revenue
74,BIRCH ANTITRUST,74.89,11,Top 80% Revenue
93,BRANNIGAN SUNRISE,74.88,12,Top 80% Revenue
455,IMPOSSIBLE PREJUDICE,74.86,14,Top 80% Revenue
967,WEEKEND PERSONAL,74.82,18,Top 80% Revenue
542,LUST LOCK,74.82,15,Top 80% Revenue
428,HOMICIDE PEACH,74.78,22,Top 80% Revenue
437,HOUSE DYNAMITE,74.77,23,Top 80% Revenue
245,DOUBLE WRATH,74.75,25,Top 80% Revenue
888,THIN SAGEBRUSH,73.89,11,Top 80% Revenue
145,CHISUM BEHAVIOR,73.87,13,Top 80% Revenue
648,OUTLAW HANKY,73.86,14,Top 80% Revenue
991,WORST BANGER,73.84,16,Top 80% Revenue
999,ZOOLANDER FICTION,73.83,17,Top 80% Revenue
724,REMEMBER DIARY,73.82,18,Top 80% Revenue
302,FANTASIA PARK,73.81,19,Top 80% Revenue
462,INSIDER ARIZONA,73.80,20,Top 80% Revenue
242,DOOM DANCING,73.79,21,Top 80% Revenue
800,SINNERS ATLANTIS,73.78,22,Top 80% Revenue
545,MADNESS ATTACKS,73.75,25,Top 80% Revenue
126,CASUALTIES ENCINO,72.91,9,Top 80% Revenue
661,PAST SUICIDES,72.87,13,Top 80% Revenue
994,WYOMING STORM,72.87,13,Top 80% Revenue
347,GAMES BOWFINGER,72.86,14,Top 80% Revenue
693,POTTER CONNECTICUT,72.83,17,Top 80% Revenue
275,EGYPT TENENBAUMS,72.83,17,Top 80% Revenue
463,INSTINCT AIRPORT,72.82,18,Top 80% Revenue
619,NEIGHBORS CHARADE,72.81,19,Top 80% Revenue
514,LEBOWSKI SOLDIERS,72.79,21,Top 80% Revenue
816,SNOWMAN ROLLERCOASTER,72.77,23,Top 80% Revenue
417,HILLS NEIGHBORS,72.75,25,Top 80% Revenue
120,CARIBBEAN LIBERTY,71.91,9,Top 80% Revenue
9,ALABAMA DEVIL,71.88,12,Top 80% Revenue
99,BRINGING HYSTERICAL,71.80,20,Top 80% Revenue
138,CHARIOTS CONSPIRACY,71.79,21,Top 80% Revenue
870,SWARM GOLD,71.73,27,Top 80% Revenue
881,TEMPLE ATTRACTION,70.88,12,Top 80% Revenue
487,JINGLE SAGEBRUSH,70.87,13,Top 80% Revenue
765,SATURN NAME,70.87,13,Top 80% Revenue
929,USUAL UNTOUCHABLES,70.87,13,Top 80% Revenue
916,TURN STAR,70.86,14,Top 80% Revenue
231,DINOSAUR SECRETARY,70.80,20,Top 80% Revenue
22,AMISTAD MIDSUMMER,70.79,21,Top 80% Revenue
748,RUGRATS SHAKESPEARE,70.70,30,Top 80% Revenue
301,FAMILY SWEET,70.70,29,Top 80% Revenue
214,DAUGHTER MADIGAN,69.91,9,Top 80% Revenue
599,MOTHER OLEANDER,69.86,14,Top 80% Revenue
42,ARTIST COLDBLOODED,69.84,16,Top 80% Revenue
254,DRIVER ANNIE,69.82,18,Top 80% Revenue
689,POLLOCK DELIVERANCE,69.81,18,Top 80% Revenue
323,FLIGHT LIES,68.88,12,Top 80% Revenue
389,GUNFIGHTER MUSSOLINI,68.88,12,Top 80% Revenue
626,NOON PAPI,68.83,17,Top 80% Revenue
429,HONEY TIES,68.81,19,Top 80% Revenue
142,CHICKEN HELLFIGHTERS,68.78,22,Top 80% Revenue
228,DETECTIVE VISION,68.73,27,Top 80% Revenue
20,AMELIE HELLFIGHTERS,67.90,10,Top 80% Revenue
72,BILL OTHERS,67.81,19,Top 80% Revenue
235,DIVIDE MONSTER,67.79,21,Top 80% Revenue
292,EXCITEMENT EVE,67.79,21,Top 80% Revenue
641,ORANGE GRAPES,67.76,24,Top 80% Revenue
499,KING EVOLUTION,66.91,9,Top 80% Revenue
918,TWISTED PIRATES,66.89,11,Top 80% Revenue
207,DANGEROUS UPTOWN,66.88,12,Top 80% Revenue
639,OPPOSITE NECKLACE,66.87,13,Top 80% Revenue
56,BAREFOOT MANCHURIAN,66.82,18,Top 80% Revenue
986,WONKA SEA,66.82,18,Top 80% Revenue
640,OPUS ICE,65.89,11,Top 80% Revenue
627,NORTH TEQUILA,65.89,11,Top 80% Revenue
567,MEET CHOCOLATE,65.88,12,Top 80% Revenue
133,CHAMBER ITALIAN,65.88,13,Top 80% Revenue
957,WAR NOTTING,65.88,12,Top 80% Revenue
536,LOVELY JINGLE,65.86,14,Top 80% Revenue
158,CLONES PINOCCHIO,65.81,19,Top 80% Revenue
312,FIDDLER LOST,64.90,10,Top 80% Revenue
533,LOST BIRD,64.88,12,Top 80% Revenue
236,DIVINE RESURRECTION,64.85,15,Top 80% Revenue
557,MANCHURIAN CURTAIN,64.85,15,Top 80% Revenue
615,NASH CHOCOLAT,64.85,15,Top 80% Revenue
58,BEACH HEARTBREAKERS,64.83,17,Top 80% Revenue
690,POND SEATTLE,64.81,19,Top 80% Revenue
358,GILMORE BOILED,64.72,28,Top 80% Revenue
75,BIRD INDEPENDENCE,63.89,11,Top 80% Revenue
633,OCTOBER SUBMARINE,63.89,11,Top 80% Revenue
478,JAWS HARRY,63.86,14,Top 80% Revenue
561,MASK PEACH,63.83,17,Top 80% Revenue
90,BOULEVARD MOB,63.82,18,Top 80% Revenue
344,FURY MURDER,63.81,19,Top 80% Revenue
525,LOATHING LEGALLY,63.73,27,Top 80% Revenue
395,HANDICAP BOONDOCK,63.72,28,Top 80% Revenue
537,LOVER TRUMAN,62.90,10,Top 80% Revenue
716,REAP UNFAITHFUL,62.84,16,Top 80% Revenue
351,GASLIGHT CRUSADE,62.84,16,Top 80% Revenue
474,JADE BUNCH,62.82,18,Top 80% Revenue
17,ALONE TRIP,62.82,18,Top 80% Revenue
150,CIDER DESIRE,62.81,19,Top 80% Revenue
269,EARRING INSTINCT,62.81,19,Top 80% Revenue
993,WRONG BEHAVIOR,62.80,20,Top 80% Revenue
650,PACIFIC AMISTAD,62.76,24,Top 80% Revenue
266,DYNAMITE TARZAN,62.75,25,Top 80% Revenue
587,MOD SECRETARY,61.89,11,Top 80% Revenue
842,STATE WASTELAND,61.88,13,Top 80% Revenue
496,KICK SAVANNAH,61.80,20,Top 80% Revenue
659,PARK CITIZEN,60.92,8,Top 80% Revenue
824,SPARTACUS CHEAPER,60.91,9,Top 80% Revenue
152,CIRCUS YOUTH,60.85,15,Top 80% Revenue
927,UPRISING UPTOWN,60.84,16,Top 80% Revenue
317,FIREBALL PHILADELPHIA,60.79,21,Top 80% Revenue
23,ANACONDA CONFESSIONS,60.79,21,Top 80% Revenue
651,PACKER MADIGAN,60.78,22,Top 80% Revenue
890,TIGHTS DAWN,60.74,26,Top 80% Revenue
543,MADIGAN DORADO,59.90,10,Top 80% Revenue
88,BORN SPINAL,59.88,12,Top 80% Revenue
564,MASSAGE IMAGE,59.88,12,Top 80% Revenue
977,WINDOW SIDE,59.88,12,Top 80% Revenue
449,IDENTITY LOVER,59.87,13,Top 80% Revenue
620,NEMO CAMPUS,59.86,14,Top 80% Revenue
647,OUTFIELD MASSACRE,59.80,20,Top 80% Revenue
314,FIGHT JAWBREAKER,59.78,22,Top 80% Revenue
26,ANNIE IDENTITY,59.78,22,Top 80% Revenue
586,MOCKINGBIRD HOLLYWOOD,59.76,24,Top 80% Revenue
811,SMILE EARRING,58.90,10,Top 80% Revenue
905,TRAINSPOTTING STRANGERS,58.89,11,Top 80% Revenue
932,VALLEY PACKER,58.85,15,Top 80% Revenue
975,WILLOW TRACY,58.84,16,Top 80% Revenue
606,MUMMY CREATURES,58.84,16,Top 80% Revenue
410,HEAVEN FREEDOM,58.82,18,Top 80% Revenue
311,FICTION CHRISTMAS,58.81,19,Top 80% Revenue
204,DALMATIONS SWEDEN,58.80,20,Top 80% Revenue
494,KARATE MOON,58.77,23,Top 80% Revenue
390,GUYS FALCON,57.91,9,Top 80% Revenue
508,LAMBS CINCINATTI,57.90,10,Top 80% Revenue
246,DOUBTFIRE LABYRINTH,57.90,10,Top 80% Revenue
796,SIERRA DIVIDE,57.85,15,Top 80% Revenue
679,PILOT HOOSIERS,57.84,16,Top 80% Revenue
672,PERFECT GROOVE,57.83,17,Top 80% Revenue
286,ENOUGH RAGING,57.82,18,Top 80% Revenue
709,RACER EGG,57.82,18,Top 80% Revenue
345,GABLES METROPOLIS,57.81,19,Top 80% Revenue
733,RIVER OUTLAW,57.81,20,Top 80% Revenue
851,STRAIGHT HOURS,57.80,20,Top 80% Revenue
276,ELEMENT FREDDY,56.90,10,Top 80% Revenue
92,BOWFINGER GABLES,56.89,11,Top 80% Revenue
342,FUGITIVE MAGUIRE,56.89,11,Top 80% Revenue
189,CREATURES SHAKESPEARE,56.84,16,Top 80% Revenue
376,GRAPES FURY,56.77,22,Top 80% Revenue
984,WONDERFUL DROP,55.91,9,Top 80% Revenue
104,BUGSY SONG,55.89,11,Top 80% Revenue
469,IRON MOON,55.89,11,Top 80% Revenue
705,PURPLE MOVIE,55.87,13,Top 80% Revenue
783,SHANE DARKNESS,55.86,14,Top 80% Revenue
24,ANALYZE HOOSIERS,55.86,14,Top 80% Revenue
232,DIRTY ACE,55.85,15,Top 80% Revenue
664,PATRIOT ROMAN,55.84,16,Top 80% Revenue
380,GREEK EVERYONE,55.83,17,Top 80% Revenue
925,UNITED PILOT,55.83,17,Top 80% Revenue
388,GUNFIGHT MOON,55.76,24,Top 80% Revenue
810,SLUMS DUCK,55.76,24,Top 80% Revenue
206,DANCING FEVER,55.73,27,Top 80% Revenue
548,MAGNIFICENT CHITTY,54.92,8,Top 80% Revenue
591,MONSOON CAUSE,54.91,9,Top 80% Revenue
13,ALI FOREVER,54.91,9,Top 80% Revenue
363,GO PURPLE,54.80,20,Top 80% Revenue
338,FRISCO FORREST,53.91,9,Top 80% Revenue
632,NUTS TIES,53.91,9,Top 80% Revenue
770,SCISSORHANDS SLUMS,53.85,15,Top 80% Revenue
442,HUNTING MUSKETEERS,53.85,15,Top 80% Revenue
746,ROUGE SQUAD,53.82,18,Top 80% Revenue
728,REUNION WITCHES,53.80,20,Top 80% Revenue
807,SLEUTH ORIENT,53.79,21,Top 80% Revenue
273,EFFECT GLADIATOR,53.75,25,Long Tail
863,SUN CONFESSIONS,53.75,25,Long Tail
2,ACE GOLDFINGER,52.93,7,Long Tail
124,CASPER DRAGONFLY,52.92,8,Long Tail
721,REDS POCUS,52.91,9,Long Tail
934,VANILLA DAY,52.91,9,Long Tail
375,GRAIL FRANKENSTEIN,52.90,10,Long Tail
780,SENSIBILITY REAR,52.90,10,Long Tail
731,RIGHT CRANES,52.90,10,Long Tail
293,EXORCIST STING,52.87,13,Long Tail
793,SHRUNK DIVINE,52.86,14,Long Tail
546,MADRE GABLES,52.86,14,Long Tail
16,ALLEY EVOLUTION,52.86,14,Long Tail
373,GRADUATE LORD,52.84,16,Long Tail
333,FREAKY POCUS,52.83,17,Long Tail
631,NOVOCAINE FLIGHT,52.81,19,Long Tail
147,CHOCOLAT HARRY,52.80,20,Long Tail
406,HAUNTING PIANIST,52.78,22,Long Tail
470,ISHTAR ROCKETEER,51.93,7,Long Tail
653,PANIC CLUB,51.93,7,Long Tail
279,ELIZABETH SHANE,51.90,10,Long Tail
5,AFRICAN EGG,51.88,12,Long Tail
96,BREAKING HOME,51.87,13,Long Tail
592,MONSTER SPARTACUS,51.85,15,Long Tail
601,MOULIN WAKE,51.84,16,Long Tail
111,CADDYSHACK JEDI,51.84,16,Long Tail
681,PIRATES ROXANNE,51.78,21,Long Tail
945,VIRGINIAN PLUTO,51.71,29,Long Tail
156,CLERKS ANGELS,50.93,7,Long Tail
988,WORKER TARZAN,50.85,15,Long Tail
458,INDIAN LOVE,50.84,16,Long Tail
526,LOCK REAR,50.84,16,Long Tail
504,KWAI HOMEWARD,50.77,23,Long Tail
91,BOUND CHEAPER,50.76,24,Long Tail
211,DARLING BREAKING,49.91,9,Long Tail
466,INTOLERABLE INTENTIONS,49.91,9,Long Tail
826,SPEED SUIT,49.91,9,Long Tail
422,HOLLOW JEOPARDY,49.90,10,Long Tail
692,POTLUCK MIXED,49.89,11,Long Tail
296,EXPRESS LONELY,49.87,13,Long Tail
900,TOWN ARK,49.86,14,Long Tail
673,PERSONAL LADYBUGS,49.86,14,Long Tail
589,MODERN DORADO,49.85,15,Long Tail
962,WASTELAND DIVINE,49.85,15,Long Tail
436,HOURS RAGE,49.81,19,Long Tail
371,GOSFORD DONNIE,48.92,8,Long Tail
256,DROP WATERFRONT,48.91,9,Long Tail
528,LOLITA WORLD,48.90,10,Long Tail
729,RIDER CADDYSHACK,48.89,11,Long Tail
209,DARKNESS WAR,48.87,13,Long Tail
394,HAMLET WISDOM,48.86,14,Long Tail
201,CYCLONE FAMILY,48.86,15,Long Tail
937,VARSITY TRIP,48.84,16,Long Tail
737,ROCK INSTINCT,48.83,17,Long Tail
367,GOLDMINE TYCOON,48.73,27,Long Tail
951,VOYAGE LEGALLY,48.72,28,Long Tail
779,SENSE GREEK,47.93,7,Long Tail
197,CRUSADE HONEY,47.92,8,Long Tail
503,KRAMER CHOCOLATE,47.91,9,Long Tail
505,LABYRINTH LEAGUE,47.85,15,Long Tail
788,SHIP WONDERLAND,47.85,15,Long Tail
287,ENTRAPMENT SATISFACTION,47.85,15,Long Tail
623,NEWTON LABYRINTH,47.83,17,Long Tail
906,TRAMP OTHERS,47.80,20,Long Tail
703,PUNK DIVORCE,46.92,8,Long Tail
384,GROSSE WONDERFUL,46.92,8,Long Tail
435,HOTEL HAPPINESS,46.91,9,Long Tail
515,LEGALLY SECRETARY,46.91,9,Long Tail
30,ANYTHING SAVANNAH,46.91,9,Long Tail
837,STAGE WORLD,46.90,10,Long Tail
573,MICROCOSMOS PARADISE,46.87,13,Long Tail
913,TROOPERS METAL,46.86,14,Long Tail
658,PARIS WEEKEND,46.86,14,Long Tail
792,SHREK LICENSE,46.85,15,Long Tail
849,STORM HAPPINESS,46.71,29,Long Tail
47,BABY HALL,45.92,8,Long Tail
685,PLATOON INSTINCT,45.91,9,Long Tail
565,MATRIX SNOWMAN,45.91,9,Long Tail
740,ROLLERCOASTER BRINGING,45.90,10,Long Tail
825,SPEAKEASY DATE,45.88,12,Long Tail
213,DATE SPEED,45.87,13,Long Tail
921,UNCUT SUICIDES,45.86,14,Long Tail
847,STOCK GLASS,45.86,14,Long Tail
574,MIDNIGHT WESTWARD,45.83,17,Long Tail
39,ARMAGEDDON LOST,45.79,21,Long Tail
303,FANTASY TROOPERS,45.74,26,Long Tail
582,MIRACLE VIRTUAL,44.91,9,Long Tail
750,RUN PACIFIC,44.90,10,Long Tail
522,LIFE TWISTED,44.90,10,Long Tail
660,PARTY KNOCK,44.87,13,Long Tail
160,CLUB GRAFFITI,44.80,19,Long Tail
982,WOMEN DORADO,44.78,23,Long Tail
12,ALASKA PHANTOM,44.74,26,Long Tail
719,RECORDS ZORRO,43.92,8,Long Tail
540,LUCKY FLYING,43.87,13,Long Tail
328,FOREVER CANDIDATE,43.87,13,Long Tail
784,SHANGHAI TYCOON,43.86,14,Long Tail
360,GLASS DYING,43.86,14,Long Tail
618,NECKLACE OUTBREAK,43.85,15,Long Tail
552,MAJESTIC FLOATS,43.83,17,Long Tail
687,POCUS PULP,43.74,26,Long Tail
960,WARS PLUTO,42.90,10,Long Tail
530,LORD ARIZONA,42.89,11,Long Tail
187,CRANES RESERVOIR,42.89,11,Long Tail
700,PRIX UNDEFEATED,42.89,11,Long Tail
756,SADDLE ANTITRUST,42.86,14,Long Tail
744,ROOTS REMEMBER,42.83,17,Long Tail
602,MOURNING PURPLE,42.79,21,Long Tail
164,COAST RAINBOW,42.79,21,Long Tail
54,BANGER PINOCCHIO,42.78,22,Long Tail
268,EARLY HOME,41.93,7,Long Tail
411,HEAVENLY GUN,41.93,7,Long Tail
431,HOOSIERS BIRDCAGE,41.92,8,Long Tail
817,SOLDIERS EVOLUTION,41.92,8,Long Tail
306,FEATHERS METAL,41.89,11,Long Tail
828,SPIKING ELEMENT,41.87,13,Long Tail
577,MILE MULAN,41.87,13,Long Tail
40,ARMY FLINTSTONES,41.84,16,Long Tail
383,GROOVE FICTION,41.82,18,Long Tail
864,SUNDANCE INVASION,41.81,19,Long Tail
233,DISCIPLE MOTHER,41.81,19,Long Tail
191,CROOKED FROGMEN,41.77,23,Long Tail
161,CLUE GRAIL,40.93,7,Long Tail
289,EVE RESURRECTION,40.93,7,Long Tail
695,PRESIDENT BANG,40.93,7,Long Tail
876,TARZAN VIDEOTAPE,40.92,8,Long Tail
337,FRIDA SLIPPER,40.90,11,Long Tail
80,BLANKET BEVERLY,40.88,12,Long Tail
110,CABIN FLASH,40.85,15,Long Tail
833,SPLENDOR PATTON,40.79,21,Long Tail
884,TERMINATOR CLUB,39.94,6,Long Tail
485,JERSEY SASSY,39.94,6,Long Tail
278,ELF MURDER,39.93,7,Long Tail
316,FIRE WOLVES,39.93,7,Long Tail
848,STONE FIRE,39.89,11,Long Tail
829,SPINAL ROCKY,39.87,13,Long Tail
736,ROBBERY BRIGHT,39.87,13,Long Tail
652,PAJAMA JAWBREAKER,39.86,14,Long Tail
452,ILLUSION AMELIE,39.85,15,Long Tail
896,TOOTSIE PILOT,39.85,15,Long Tail
488,JOON NORTHWEST,39.83,17,Long Tail
282,ENCOUNTERS CURTAIN,39.81,19,Long Tail
176,CONGENIALITY QUEST,39.78,22,Long Tail
646,OUTBREAK DIVINE,39.77,23,Long Tail
309,FEUD FROGMEN,39.75,25,Long Tail
850,STORY SIDE,39.72,28,Long Tail
875,TALENTED HOMICIDE,39.71,29,Long Tail
472,ITALIAN AFRICAN,38.94,6,Long Tail
82,BLOOD ARGONAUTS,38.90,10,Long Tail
952,WAGON JAWS,38.90,10,Long Tail
257,DRUMLINE CYCLONE,38.89,11,Long Tail
928,UPTOWN YOUNG,38.88,12,Long Tail
576,MIGHTY LUCK,38.88,12,Long Tail
457,INDEPENDENCE HOTEL,38.81,19,Long Tail
677,PIANIST OUTFIELD,38.78,21,Long Tail
976,WIND PHANTOM,38.77,23,Long Tail
119,CAPER MOTIONS,38.76,24,Long Tail
200,CURTAIN VIDEOTAPE,38.74,27,Long Tail
595,MOON BUNCH,38.71,29,Long Tail
372,GRACELAND DYNAMITE,37.94,6,Long Tail
364,GODFATHER DIARY,37.92,8,Long Tail
939,VERTIGO NORTHWEST,37.92,8,Long Tail
815,SNATCHERS MONTEZUMA,37.91,9,Long Tail
29,ANTITRUST TOMATOES,37.90,10,Long Tail
3,ADAPTATION HOLES,37.88,12,Long Tail
413,HEDWIG ALTER,37.88,12,Long Tail
467,INTRIGUE WORST,37.80,20,Long Tail
790,SHOOTIST SUPERFLY,37.76,24,Long Tail
387,GUN BONNIE,37.75,25,Long Tail
970,WESTWARD SEABISCUIT,37.74,26,Long Tail
248,DOZEN LION,36.93,7,Long Tail
182,CONTROL ANTHEM,36.93,7,Long Tail
604,MULAN MOON,36.87,13,Long Tail
461,INSECTS STONE,36.81,18,Long Tail
140,CHEAPER CLYDE,36.80,20,Long Tail
949,VOLCANO TEXAS,36.78,22,Long Tail
1,ACADEMY DINOSAUR,36.77,23,Long Tail
697,PRIMARY GLASS,36.73,27,Long Tail
769,SCHOOL JACKET,35.94,6,Long Tail
340,FRONTIER CABIN,35.94,6,Long Tail
102,BUBBLE GROSSE,35.94,6,Long Tail
926,UNTOUCHABLES SUNRISE,35.92,8,Long Tail
393,HALLOWEEN NUTS,35.90,10,Long Tail
368,GONE TROUBLE,35.90,10,Long Tail
241,DONNIE ALLEY,35.86,14,Long Tail
535,LOVE SUICIDES,35.80,20,Long Tail
11,ALAMO VIDEOTAPE,35.76,24,Long Tail
238,DOCTOR GRAIL,34.93,7,Long Tail
726,RESERVOIR ADAPTATION,34.90,10,Long Tail
549,MAGNOLIA FORRESTER,34.89,11,Long Tail
819,SONG HEDWIG,34.89,11,Long Tail
585,MOB DUFFEL,34.88,12,Long Tail
732,RINGS HEARTBREAKERS,34.85,15,Long Tail
862,SUMMER SCARFACE,34.84,16,Long Tail
963,WATCH TRACY,34.84,16,Long Tail
877,TAXI KICK,34.83,17,Long Tail
524,LION UNCUT,34.82,18,Long Tail
79,BLADE POLISH,34.79,22,Long Tail
270,EARTH VISION,34.77,23,Long Tail
122,CARRIE BUNCH,34.77,23,Long Tail
310,FEVER EMPIRE,33.95,5,Long Tail
237,DIVORCE SHINING,33.93,7,Long Tail
550,MAGUIRE APACHE,33.91,9,Long Tail
832,SPLASH GUMP,33.86,14,Long Tail
907,TRANSLATION SUMMER,33.85,15,Long Tail
948,VOICE PEACH,33.81,19,Long Tail
747,ROXANNE REBEL,33.81,19,Long Tail
132,CHAINSAW UPTOWN,33.79,21,Long Tail
19,AMADEUS HOLY,33.79,21,Long Tail
883,TEQUILA PAST,32.94,6,Long Tail
106,BULWORTH COMMANDMENTS,32.93,7,Long Tail
553,MAKER GABLES,32.90,10,Long Tail
617,NATURAL STOCK,32.87,13,Long Tail
840,STAMPEDE DISTURBING,32.86,14,Long Tail
600,MOTIONS DETAILS,32.85,16,Long Tail
85,BONNIE HOLOCAUST,32.84,16,Long Tail
299,FACTORY DRAGON,32.83,17,Long Tail
717,REAR TRADING,32.83,17,Long Tail
560,MARS ROMAN,32.81,19,Long Tail
416,HIGHBALL POTTER,32.79,21,Long Tail
143,CHILL LUCK,32.78,22,Long Tail
18,ALTER VICTORY,32.78,22,Long Tail
130,CELEBRITY HORN,32.76,24,Long Tail
786,SHEPHERD MIDSUMMER,32.75,25,Long Tail
405,HAUNTED ANTITRUST,31.94,6,Long Tail
224,DESPERATE TRAINSPOTTING,31.94,6,Long Tail
758,SAINTS BRIDE,31.92,8,Long Tail
225,DESTINATION JERK,31.92,8,Long Tail
264,DWARFS ALTER,31.91,9,Long Tail
714,RANDOM GO,31.91,9,Long Tail
205,DANCES NONE,31.86,14,Long Tail
781,SEVEN SWARM,30.95,5,Long Tail
32,APOCALYPSE FLAMINGOS,30.94,6,Long Tail
490,JUMANJI BLADE,30.92,8,Long Tail
240,DOLLS RAGE,30.91,9,Long Tail
539,LUCK OPUS,30.90,10,Long Tail
886,THEORY MERMAID,30.88,11,Long Tail
809,SLIPPER FIDELITY,30.84,16,Long Tail
280,EMPIRE MALKOVICH,30.79,21,Long Tail
978,WISDOM WORKER,29.91,9,Long Tail
208,DARES PLUTO,29.91,9,Long Tail
636,OLEANDER CLUE,29.90,10,Long Tail
761,SANTA PARIS,29.90,10,Long Tail
794,SIDE ARK,29.88,12,Long Tail
155,CLEOPATRA DEVIL,29.83,18,Long Tail
534,LOUISIANA HARRY,29.83,17,Long Tail
743,ROOM ROMAN,29.80,20,Long Tail
741,ROMAN PUNK,29.76,24,Long Tail
684,PIZZA JUMANJI,28.93,7,Long Tail
541,LUKE MUMMY,28.93,7,Long Tail
185,COWBOY DOOM,28.93,7,Long Tail
146,CHITTY LOCK,28.92,8,Long Tail
656,PAPI NECKLACE,28.92,8,Long Tail
983,WON DARES,28.91,9,Long Tail
482,JEOPARDY ENCINO,28.90,10,Long Tail
315,FINDING ANACONDA,28.88,12,Long Tail
766,SAVANNAH TOWN,28.88,12,Long Tail
377,GREASE YOUTH,28.79,21,Long Tail
149,CHRISTMAS MOONSHINE,28.79,21,Long Tail
459,INFORMER DOUBLE,27.95,5,Long Tail
513,LEATHERNECKS DWARFS,27.93,7,Long Tail
836,SQUAD FISH,27.93,7,Long Tail
230,DIARY PANIC,27.91,9,Long Tail
250,DRAGON SQUAD,27.89,11,Long Tail
581,MINORITY KISS,27.89,12,Long Tail
118,CANYON STOCK,27.81,19,Long Tail
281,ENCINO ELF,27.81,19,Long Tail
89,BORROWERS BEDAZZLED,27.78,22,Long Tail
699,PRIVATE DROP,26.95,5,Long Tail
923,UNFAITHFUL KILL,26.92,8,Long Tail
674,PET HAUNTING,26.92,8,Long Tail
188,CRAZY HOME,26.91,9,Long Tail
291,EVOLUTION ALTER,26.88,12,Long Tail
727,RESURRECTION SILVERADO,26.79,21,Long Tail
107,BUNCH MINDS,25.95,5,Long Tail
223,DESIRE ALIEN,25.92,8,Long Tail
629,NOTORIOUS REUNION,25.86,14,Long Tail
492,JUNGLE CLOSER,25.86,14,Long Tail
598,MOSQUITO ARMAGEDDON,25.85,15,Long Tail
424,HOLOCAUST HIGHBALL,25.83,17,Long Tail
924,UNFORGIVEN ZOOLANDER,25.82,18,Long Tail
562,MASKED BUBBLE,25.80,20,Long Tail
218,DECEIVER BETRAYED,25.79,21,Long Tail
904,TRAIN BUNCH,24.96,4,Long Tail
441,HUNTER ALTER,24.95,5,Long Tail
903,TRAFFIC HOBBIT,24.95,5,Long Tail
62,BED HIGHBALL,24.94,6,Long Tail
990,WORLD LEATHERNECKS,24.92,8,Long Tail
352,GATHERING CALENDAR,24.89,11,Long Tail
258,DRUMS DYNAMITE,24.87,13,Long Tail
290,EVERYONE CRAFT,24.87,13,Long Tail
855,STREAK RIDGEMONT,24.84,16,Long Tail
688,POLISH BROOKLYN,24.82,18,Long Tail
663,PATIENT SISTER,24.81,19,Long Tail
981,WOLVES DESIRE,24.79,21,Long Tail
249,DRACULA CRYSTAL,24.79,21,Long Tail
558,MANNEQUIN WORST,23.95,5,Long Tail
125,CASSIDY WYOMING,23.94,6,Long Tail
259,DUCK RACER,23.94,6,Long Tail
517,LESSON CLEOPATRA,23.93,7,Long Tail
163,CLYDE THEORY,23.92,8,Long Tail
136,CHAPLIN LICENSE,23.92,8,Long Tail
76,BIRDCAGE CASPER,23.91,9,Long Tail
722,REEF SALUTE,23.89,11,Long Tail
992,WRATH MILE,23.86,14,Long Tail
634,ODDS BOOGIE,23.85,15,Long Tail
427,HOMEWARD CIDER,23.84,16,Long Tail
297,EXTRAORDINARY CONQUERER,22.94,6,Long Tail
399,HAPPINESS UNITED,22.94,6,Long Tail
520,LICENSE WEEKEND,22.93,7,Long Tail
53,BANG KWAI,22.93,7,Long Tail
622,NEWSIES STORY,22.93,7,Long Tail
787,SHINING ROSES,22.92,8,Long Tail
34,ARABIA DOGMA,22.87,13,Long Tail
440,HUNGER ROOF,22.87,13,Long Tail
942,VIETNAM SMOOCHY,22.85,15,Long Tail
348,GANDHI KWAI,22.83,17,Long Tail
610,MUSIC BOONDOCK,22.81,19,Long Tail
959,WARLOCK WEREWOLF,21.94,6,Long Tail
498,KILLER INNOCENT,21.94,6,Long Tail
675,PHANTOM GLORY,21.94,6,Long Tail
569,MENAGERIE RUSHMORE,21.93,7,Long Tail
605,MULHOLLAND BEAST,21.93,7,Long Tail
593,MONTEREY LABYRINTH,21.87,13,Long Tail
153,CITIZEN SHREK,21.87,13,Long Tail
105,BULL SHAWSHANK,21.84,16,Long Tail
97,BRIDE INTRIGUE,21.81,19,Long Tail
479,JEDI BENEATH,21.81,19,Long Tail
454,IMPACT ALADDIN,20.91,9,Long Tail
834,SPOILERS HELLFIGHTERS,20.90,10,Long Tail
882,TENENBAUMS COMMAND,20.87,13,Long Tail
493,KANE EXORCIST,20.86,14,Long Tail
186,CRAFT OUTFIELD,20.84,16,Long Tail
613,MYSTIC TRUMAN,19.90,10,Long Tail
831,SPIRITED CASUALTIES,19.89,11,Long Tail
509,LANGUAGE COWBOY,19.89,11,Long Tail
538,LOVERBOY ATTACKS,19.88,12,Long Tail
821,SORORITY QUEEN,19.88,12,Long Tail
894,TOMATOES HELLFIGHTERS,19.86,14,Long Tail
799,SIMON NORTH,18.94,6,Long Tail
754,RUSHMORE MERMAID,18.94,6,Long Tail
425,HOLY TADPOLE,18.91,9,Long Tail
283,ENDING CROWDS,18.89,11,Long Tail
194,CROW GREASE,18.88,12,Long Tail
696,PRIDE ALAMO,18.84,16,Long Tail
812,SMOKING BARBARELLA,18.83,18,Long Tail
507,LADYBUGS ARMAGEDDON,17.94,6,Long Tail
547,MAGIC MALLRATS,17.93,7,Long Tail
357,GILBERT PELICAN,17.91,9,Long Tail
868,SUPERFLY TRIP,17.90,10,Long Tail
27,ANONYMOUS HUMAN,17.87,13,Long Tail
430,HOOK CHARIOTS,17.87,13,Long Tail
795,SIEGE MADRE,17.85,15,Long Tail
180,CONSPIRACY SPIRIT,16.95,5,Long Tail
94,BRAVEHEART HUMAN,16.95,5,Long Tail
343,FULL FLATLINERS,16.95,5,Long Tail
997,YOUTH KICK,16.94,6,Long Tail
66,BENEATH RUSH,16.90,10,Long Tail
339,FROGMEN BREAKING,16.90,10,Long Tail
64,BEETHOVEN EXORCIST,16.89,11,Long Tail
931,VALENTINE VANISHING,16.88,12,Long Tail
63,BEDAZZLED MARRIED,16.87,13,Long Tail
797,SILENCE KANE,16.84,16,Long Tail
400,HARDLY ROBBERS,15.96,4,Long Tail
584,MIXED DOORS,15.96,4,Long Tail
612,MUSSOLINI SPOILERS,15.95,5,Long Tail
974,WILD APOLLO,15.94,6,Long Tail
947,VISION TORQUE,15.93,7,Long Tail
407,HAWK CHILL,15.93,7,Long Tail
511,LAWRENCE LOVE,15.87,13,Long Tail
762,SASSY PACKER,15.87,13,Long Tail
379,GREEDY ROOTS,15.86,14,Long Tail
830,SPIRIT FLINTSTONES,15.85,15,Long Tail
362,GLORY TRACY,14.95,5,Long Tail
808,SLING LUKE,14.94,6,Long Tail
935,VANISHED GARDEN,14.94,7,Long Tail
752,RUNNER MADIGAN,14.92,8,Long Tail
998,ZHIVAGO CORE,14.91,9,Long Tail
813,SMOOCHY CONTROL,14.88,12,Long Tail
262,DUMBO LUST,13.94,6,Long Tail
965,WATERSHIP FRONTIER,13.94,6,Long Tail
516,LEGEND JEDI,13.91,9,Long Tail
630,NOTTING SPEAKEASY,13.90,10,Long Tail
423,HOLLYWOOD ANONYMOUS,13.87,13,Long Tail
910,TREATMENT JEKYLL,12.93,7,Long Tail
822,SOUP WISDOM,12.92,8,Long Tail
751,RUNAWAY TENENBAUMS,12.92,8,Long Tail
866,SUNSET RACER,12.92,8,Long Tail
940,VICTORY ACADEMY,12.91,9,Long Tail
899,TOWERS HURRICANE,12.89,11,Long Tail
566,MAUDE MOD,11.92,8,Long Tail
594,MONTEZUMA COMMAND,11.91,9,Long Tail
355,GHOSTBUSTERS ELF,11.91,9,Long Tail
157,CLOCKWORK PARADISE,11.90,10,Long Tail
477,JAWBREAKER BROOKLYN,11.90,10,Long Tail
178,CONNECTION MICROCOSMOS,10.93,7,Long Tail
52,BALLROOM MOCKINGBIRD,10.92,8,Long Tail
168,COMANCHEROS ENEMY,9.94,6,Long Tail
401,HAROLD FRENCH,9.92,8,Long Tail
523,LIGHTS DEER,9.92,8,Long Tail
839,STALLION SUNDANCE,8.93,7,Long Tail
475,JAPANESE RUN,7.94,6,Long Tail
196,CRUELTY UNFORGIVEN,7.93,7,Long Tail
718,REBEL AIRPORT,7.92,8,Long Tail
261,DUFFEL APOCALYPSE,6.93,7,Long Tail
996,YOUNG LANGUAGE,6.93,7,Long Tail
335,FREEDOM CLEOPATRA,5.95,5,Long Tail
885,TEXAS WATCH,5.94,6,Long Tail
635,OKLAHOMA JUMANJI,5.94,6,Long Tail
